-- phpMyAdmin SQL Dump
-- version 4.9.1
-- https://www.phpmyadmin.net/
--
-- Хост: localhost
-- Время создания: Июн 05 2020 г., 11:16
-- Версия сервера: 8.0.18
-- Версия PHP: 7.3.11

SET SQL_MODE = "NO_AUTO_VALUE_ON_ZERO";
SET AUTOCOMMIT = 0;
START TRANSACTION;
SET time_zone = "+00:00";


/*!40101 SET @OLD_CHARACTER_SET_CLIENT=@@CHARACTER_SET_CLIENT */;
/*!40101 SET @OLD_CHARACTER_SET_RESULTS=@@CHARACTER_SET_RESULTS */;
/*!40101 SET @OLD_COLLATION_CONNECTION=@@COLLATION_CONNECTION */;
/*!40101 SET NAMES utf8mb4 */;

--
-- База данных: `phpshop`
--

-- --------------------------------------------------------

--
-- Структура таблицы `category`
--

CREATE TABLE `category` (
  `id` int(11) NOT NULL,
  `name` varchar(255) NOT NULL,
  `sort_order` int(11) NOT NULL DEFAULT '0',
  `status` int(11) NOT NULL DEFAULT '1'
) ENGINE=InnoDB DEFAULT CHARSET=utf8;

--
-- Дамп данных таблицы `category`
--

INSERT INTO `category` (`id`, `name`, `sort_order`, `status`) VALUES
(13, 'Товари для мами і малюка', 1, 1),
(14, 'Красота и уход', 2, 1),
(15, 'Вітаміни ', 3, 1),
(16, 'Товари медичного призначення', 4, 1),
(17, 'Щоденна гігієна', 5, 1);

-- --------------------------------------------------------

--
-- Структура таблицы `product`
--

CREATE TABLE `product` (
  `id` int(11) NOT NULL,
  `name` varchar(255) NOT NULL,
  `category_id` int(11) NOT NULL,
  `code` int(11) NOT NULL,
  `price` float NOT NULL,
  `availability` int(11) NOT NULL,
  `brand` varchar(255) NOT NULL,
  `description` text NOT NULL,
  `is_new` int(11) NOT NULL DEFAULT '0',
  `is_recommended` int(11) NOT NULL DEFAULT '0',
  `status` int(11) NOT NULL DEFAULT '1'
) ENGINE=InnoDB DEFAULT CHARSET=utf8;

--
-- Дамп данных таблицы `product`
--

INSERT INTO `product` (`id`, `name`, `category_id`, `code`, `price`, `availability`, `brand`, `description`, `is_new`, `is_recommended`, `status`) VALUES
(47, 'TENA Пеленки д/млад.Bed Normal 60х90 30шт', 13, 18398507, 243.3, 1, 'Tena (Нидерланды)', 'Пеленки TENA Bed, с поглощающим средним и водонепроницаемым нижним слоями обеспечивают защиту при небольших протеканиях и во время гигиенических процедур. Приятная на ощупь поверхность.\r\nПеленки TENA Bed Normal изготовлены из распушенной целлюлозы и имеют мягкую и приятную на ощупь поверхность. Благодаря мягкой поверхности и впитывающему внутреннему слою они обеспечивают комфорт.', 1, 1, 1),
(48, 'Подгузники-трусики Pampers Pants Junior 5 (12-18 кг) 48 шт.', 13, 132579, 373.7, 1, 'Procter&Gamble, Польша', 'Подгузники-трусики Pampers Pants Junior 5 (12-18 кг) 48 шт.\r\n\r\nПодгузники-трусики Pampers (Памперс) Pants - новые непревзойденно сухие трусики, подходящие как для мальчиков, так и для девочек.\r\n\r\nКогда ребенок становится активным и то и дело пытается уползти, смена подгузника может оказаться нелегкой задачей. Тогда наступает время для трусиков Pampers Pants.\r\n\r\nТрусики Pampers Pants легко надеть, и они обеспечивают до 12 часов сухости. Мягкий поясок позволяет им адаптироваться к движениям малыша, обеспечивая комфорт и защиту.\r\n\r\nРеволюционная технология помогает распределить влагу равномерно по трем впитывающим каналам и запереть ее, не допуская образования мокрого комка и обеспечивая сухость малышу. С трусиками Pampers Pants сменить подгузник можно просто и быстро, даже когда ребенок уползает.', 0, 1, 1),
(49, 'WELEDA Baby бальзам дитячий захисний від вітру/холоду календула 30мл Weleda', 13, 124563, 229.68, 1, 'WELEDA (Швейцарія)', 'В холодное время года нежная кожа вашего малыша нуждается в особом уходе. Для  зимних прогулок рекомендуем приобрести защитный бальзам от ветра и холода  Weleda Calendula Wind-und Wattrerbalsam. Это средство обеспечит надежную защиту любимых щечек, несмотря на погоду за окном. Используйте крем перед каждой прогулкой.\r\n \r\nЗащитный бальзам Weleda Calendula Wind-und Wattrerbalsam защищает кожу младенца от обветривания и воздействия холода и сырости. В основе крема - натуральный пчелиный воск и ланолин - компоненты, которые создают на коже своеобразный барьер, не препятствуя дыханию пор. Обеспечьте своему крохе самую эффективную защиту, чтобы ни ветер, ни мороз, ни пронзительная сырость не испортили прогулку на свежем воздухе. Кроме того защитный бальзам от ветра и холода Weleda Calendula Wind-und Wattrerbalsam подойдет всем членам семьи.', 0, 0, 1),
(50, 'Nestle суміш суха молочна NAN Потрійний комфорт 800г', 13, 846213, 512.2, 1, 'Nestle', 'Молочная смесь \"Тройной комфорт\" Nestle Nan представляет собой высококачественный продукт, предназначенный для вскармливания малышей. Продукт обеспечит вашего ребенка витаминами и минералами. В состав смеси входят все самые ценные ингредиенты, которые необходимы для полноценного физического и умственного развития. Продукт предназначен для нормализации пищеварительной системы ребенка, устранения колик и вздутия животика.\r\nВходящие в состав смеси активные компоненты помогают малышу расти здоровым и крепким. Nestle Nan \"Тройной комфорт\" идеально подходит в качестве единственного источника питания для детей с первых дней жизни.', 0, 1, 1),
(51, 'GERBER пюре Чорнослив 80г Нестле', 13, 165476, 24.5, 1, 'Nestle', 'Пюре \"Чернослив\" Gerber производится по специальной технологии, которая позволяет сохранить цвет, вкус и запах натуральных слив. Питание изготавливается из гипоаллергенных продуктов.\r\nИдеальной пищей для грудного ребенка является молоко матери. Всемирная организация здравоохранения рекомендует исключительно грудное вскармливание в первые шесть месяцев и последующее введение прикорма при продолжении грудного вскармливания. Gerber поддерживает данную рекомендацию. Для принятия решения о сроках и способе введения данного продукта в рацион ребенка необходима консультация педиатра. Возрастные ограничения указаны на упаковке товаров в соответствии с законодательством Украины.', 1, 0, 1),
(52, 'Авент бутылочка Naturals 125мл ', 13, 897465, 152.2, 1, 'Avent', 'Бутылочка для кормления Philips Avent  Naturals 125мл\r\nДля того, чтобы совмещать грудное вскармливание с искусственным, и при этом создать все необходимые условия для комфорта малышу бренд Philips Avent разработал инновационную большую бутылочку \"Natural\". Данная бутылочка имеет очень удобную соску. Малыш с легкостью ее захватывает благодаря инновационному дизайну. Сосательные движения во время приема жидкой пищи из этой бутылочки такие же, как и во время сосания материнской груди. Широкая соска повторяет анатомическую форму маминого соска, так что малыш не ощущает дискомфорта во время питания.\r\n\r\nЭта соска не мнется, ее форма сохраняется очень долго за счет специальных мягких лепестков. Широкое горлышко обеспечивает удобство во время мытья и ее наполнение смесью. Материал, из которого создана данная бутылочка не содержит бисфенола-А. Ее очень легко разбирать и собирать. В любом положении бутылочка обеспечивает надежную защиту от протекания. Ее форма удобна даже для маленьких ручек ребенка. Он может сам держать ее обеими ручками и кушать.', 1, 0, 1),
(53, 'Трубка газоотвод.д/млад', 13, 165678, 222, 1, 'DiProServa Medical AB', 'Вздутие животика - это частое явление у новорожденных деток.\r\n\r\nПричин для этого очень много, в результате у малышей появляются колики. Колика сопровождается: беспокойством, гиперемией лица, пронзительным криком, метеоризмом, характерными движениями нижних конечностей.\r\n\r\nОдним из самых действенных способов избавления от колик является использование газоотводных трубочек (ректальных катетеров).\r\n\r\nПоскольку облегчения состояния малыша приходит мгновенно после применения катетера. Процедура применения быстрая и безболезненная.\r\n\r\nРектальный катетер Windi разработан врачами педиатрами, с учетом всех требований, относительно размеров катетера и свойств материала из которого он изготовлен.\r\n\r\n\r\nОптимальными, для младенцев, размерами катетера (газоотводной трубочки) являются:\r\n\r\nвводная часть от 2,5 см до 3 см.\r\n\r\nдиаметр трубочки до 7 мм.', 0, 0, 1),
(54, 'Пустушка лат.кругл.6-18м ', 13, 984651, 73.95, 1, 'Canpol ', 'Высококачественная пустышка из латекса с круглой соской. У нее есть необходимые отверстия для вентиляции. Светящаяся в темноте ручка позволяет легче найти пустышку ночью. В упаковке 1 шт.', 0, 0, 1),
(55, 'Крем-емульсія зволожуючий', 14, 984562, 416, 1, 'MUSTELA ', 'Для дуже сухої і атопічною шкіри. Знімає сухість і почервоніння шкіри. Підходить для малюків, дітей та дорослих. Живить шкіру, зміцнює захисний бар\'єр шкіри, щоб зберегти її клітинні ресурси, має заспокійливі властивості і затримує необхідну клітинам вологу. 0% парабенів, 0% фталатів, 0% феноксіетанолу, 0% ароматизаторів.', 0, 1, 1),
(56, 'ЯКА масло для тіла Троянда 150мл ', 14, 987613, 67, 1, 'Ремос', 'Масло для тіла \"Роза\" Яка - доглядає засіб від бренду, який розробляє продукцію для турботи про шкірі та волоссі. Кожна формула створюється з високоякісних компонентів, які не шкодять організму людини. Склади не обтяжені хімічними добавками і ПАРами.\r\nЦе густе масло створено з додаванням квіткового воску троянди. Воно робить епідерміс м\'яким і еластичним. Його приємна текстура відмінно вбирається, не залишаючи жирної плівки на поверхні.\r\nЗасіб створює захист від сухості і передчасного старіння шкірного покриву. Воно налагоджує процес кровообігу і дає ефект, що відновлює.', 0, 1, 1),
(57, 'VITA - цевит натуральный', 15, 984132, 30.4, 1, 'Красота и здоровье', 'Рекомендации к употреблению: содержит экстракт ацеролы (барбадосской вишни), самого богатого источника натурального витамина С. Обеспечивает суточную потребность взрослого человека в витамине С. Может быть применен с профилактической целью в период простудных заболеваний для усиления иммунитета, а также при любых состояниях, сопровождающихся недостатком витамина С. Перед применением рекомендуется консультация врача.\r\nСпособ применения:\r\nвзрослым и детям старше 14 лет - по 1-2 таблетки в день независимо от приема пищи. Таблетку рассосать до полного растворения в ротовой полости. Продолжительность применения - 10-20 дней. Курс применения можно повторять несколько раз в год. ', 1, 0, 1),
(58, 'Біон 3', 15, 423175, 321, 1, 'Dr. Reddy\'s', 'Бион 3 - БАД, нормализующая микрофлору кишечника и восполняющая дефицит витаминов и минеральных веществ. Поддерживает и восстанавливает нормальную микрофлору кишечника, улучшает физиологическое состояние кишечника, повышает сопротивляемость организма и его защитные силы, укрепляет иммунную систему. Применяется для поддержания и восстановления здоровой микрофлоры кишечника при несбалансированном питании, стрессах, хронических заболеваниях ЖКТ и других органов; в период выздоровления после перенесенных заболеваний; для укрепления иммунной системы организма.', 0, 1, 1),
(59, 'Термометр ', 16, 456135, 203, 1, 'Dr.Frei ', 'Электронный термометр Dr. Frei (Доктор Фрей) T-20 предназначен для точного измерения температуры тела в подмышечной, ректальной или оральной областях. Применение при его изготовлении безопасных материалов, а также продуманная конструкция, позволяют использовать его для проведения термометрии, как у взрослых, так и у детей. Он прост в эксплуатации, а минимальное время измерения составляет всего 10 секунд и зависит от области измерения. Погрешность измерений не превышает 0,1 градуса.', 0, 1, 1),
(60, 'KLEENEX Платочки Balsam(8/уп)', 17, 158941, 47.85, 1, 'Kimberly-Clark', 'Носові платочки', 0, 0, 1);

-- --------------------------------------------------------

--
-- Структура таблицы `product_order`
--

CREATE TABLE `product_order` (
  `id` int(11) NOT NULL,
  `user_name` varchar(255) NOT NULL,
  `user_phone` varchar(255) NOT NULL,
  `user_comment` text NOT NULL,
  `user_id` int(11) DEFAULT NULL,
  `date` timestamp NOT NULL DEFAULT CURRENT_TIMESTAMP,
  `products` text NOT NULL,
  `status` int(11) NOT NULL DEFAULT '1'
) ENGINE=MyISAM DEFAULT CHARSET=utf8;

--
-- Дамп данных таблицы `product_order`
--

INSERT INTO `product_order` (`id`, `user_name`, `user_phone`, `user_comment`, `user_id`, `date`, `products`, `status`) VALUES
(50, 'Александр', '380665251144', 'тест', 3, '2020-05-28 07:25:29', '{\"59\":1,\"58\":1,\"56\":1,\"55\":1}', 2),
(47, 'Адміністратор', '65413248932', 'fdfd', 6, '2020-05-16 21:50:50', '{\"47\":1,\"48\":1,\"55\":1}', 1),
(51, 'Сергей', '65413248932', 'тест', 5, '2020-05-28 07:27:07', '{\"55\":1,\"59\":1,\"57\":1}', 3);

-- --------------------------------------------------------

--
-- Структура таблицы `user`
--

CREATE TABLE `user` (
  `id` int(11) NOT NULL,
  `name` varchar(255) NOT NULL,
  `email` varchar(255) NOT NULL,
  `password` varchar(255) NOT NULL,
  `role` varchar(50) NOT NULL
) ENGINE=InnoDB DEFAULT CHARSET=utf8;

--
-- Дамп данных таблицы `user`
--

INSERT INTO `user` (`id`, `name`, `email`, `password`, `role`) VALUES
(3, 'Александр', 'alex@mail.com', '111111', ''),
(4, 'Виктор Зинченко', 'zinchenko.us@gmail.com', '222222', ''),
(5, 'Сергей', 'serg@mail.com', '111222', ''),
(6, 'Адміністратор', 'apteka@i.ua', '123456', 'admin');

--
-- Индексы сохранённых таблиц
--

--
-- Индексы таблицы `category`
--
ALTER TABLE `category`
  ADD PRIMARY KEY (`id`);

--
-- Индексы таблицы `product`
--
ALTER TABLE `product`
  ADD PRIMARY KEY (`id`);

--
-- Индексы таблицы `product_order`
--
ALTER TABLE `product_order`
  ADD PRIMARY KEY (`id`);

--
-- Индексы таблицы `user`
--
ALTER TABLE `user`
  ADD PRIMARY KEY (`id`);

--
-- AUTO_INCREMENT для сохранённых таблиц
--

--
-- AUTO_INCREMENT для таблицы `category`
--
ALTER TABLE `category`
  MODIFY `id` int(11) NOT NULL AUTO_INCREMENT, AUTO_INCREMENT=18;

--
-- AUTO_INCREMENT для таблицы `product`
--
ALTER TABLE `product`
  MODIFY `id` int(11) NOT NULL AUTO_INCREMENT, AUTO_INCREMENT=61;

--
-- AUTO_INCREMENT для таблицы `product_order`
--
ALTER TABLE `product_order`
  MODIFY `id` int(11) NOT NULL AUTO_INCREMENT, AUTO_INCREMENT=52;

--
-- AUTO_INCREMENT для таблицы `user`
--
ALTER TABLE `user`
  MODIFY `id` int(11) NOT NULL AUTO_INCREMENT, AUTO_INCREMENT=7;
COMMIT;

/*!40101 SET CHARACTER_SET_CLIENT=@OLD_CHARACTER_SET_CLIENT */;
/*!40101 SET CHARACTER_SET_RESULTS=@OLD_CHARACTER_SET_RESULTS */;
/*!40101 SET COLLATION_CONNECTION=@OLD_COLLATION_CONNECTION */;
